"","date","details","age","sex","involved","ID"
"1",2013-05-22 17:20:00,NA,NA,NA,"Another cyclist",1
"2",2014-09-19 12:55:00,NA,NA,NA,"Roadway",1
"3",2014-06-05 18:00:00," waited   south east corner    light across pacific   changed   rode across   crosswalk  pickup truck turned left  abbott onto pacific  hit  rear tire   bike",1955,"M","Vehicle",1
"4",2007-11-08 20:00:00,"  right  way car attempted  cross nd   continue  lillooete  front    tboned  car",1983,"F","Vehicle",1
"5",2010-08-03 14:00:00,"  afraid  cycle   road due  fast car drivers  cycled  close   curb  thus fell",1979,"M","Curb",1
"6",2013-07-31 20:00:00,NA,1987,"M","Vehicle",1
"7",2014-06-16 18:00:00,"riding close   right edge   path  came around  blind corner  encountered  bikes riding abreast   unable  stop  hit  cyclist closest   side",1955,"M","Another cyclist",1
"8",2014-10-16 17:45:00,"car stopped  stop sign entered intersection  cyclist proceeding  intersection  right  way",1969,"M","Vehicle",1
"9",2014-10-12 15:05:00,"dog walkers   cycle path  dogs  leashes  hearing  bell  dogs went opposite directions   owners      crash  avoid injuring  walkers   dogs",1961,"M","Pedestrian",1
"10",2010-06-21 14:05:00," woman driving  car decided   longer wanted  turn right  reversed  order  clear  concrete barrier     turn left   behind   tried  get    way   backed  ",1984,"F","Vehicle",1
"11",2014-07-02 15:00:00,"car  tried  cut accross bike path turning right onto chestnut street  slammed   brakes   middle   bike path forcing    riders  crash near miss  brake  swerve suddenly",1988,"M","Vehicle",1
"12",2013-11-19 18:20:00,NA,1970,"M","Vehicle",1
"13",2014-08-20 07:45:00,NA,NA,NA,"Vehicle",1
"14",2014-06-12 17:30:00,NA,NA,NA,"Vehicle",1
"15",2013-03-27 17:30:00,"car stopped abruptly  bike lane   signal  obvious reason  hit  back   car  sustained  broken wrist  bruising  faceshin",1978,"M","Vehicle",1
"16",2013-08-08 19:00:00,NA,1980,"F","Vehicle",1
"17",2014-10-31 17:35:00," went straight   intersection   driver turned left  front  ",1985,"Other","Vehicle",1
"18",2014-10-17 16:20:00,"travelling east  th avenue passing   green light  alma  broadway  car facing west turned south   passed   intersection striking    front   car   side   bike knocking    ground",NA,"M","Vehicle",1
"19",2014-06-18 16:00:00,"vehicle  turning left   intersection   heading straight    bike   vehicle suddenly stopped causing   collide   backside  fall    intersection   cut  bruised  otherwise  injured although  helmet struck  pavement",1988,"F","Vehicle",1
"20",2014-08-08 08:00:00,"driver  pointed nw   road    going straight   intersection   turning right     see  coming  beside    bike lane  thus proceeded  turn right    beside    struck  rear passenger door   turned",1983,"M","Vehicle",2
"21",2014-09-22 17:00:00,"  going around  roundabout   car hit    side  push    ground     injuries cuts scrapes   strained wrist  driver   vehicle alleged  couldnt see      obstacles   line  sight   five sessions  physiotherapy  recover",2002,"F","Vehicle",1
"22",2013-11-06 13:05:00,NA,NA,NA,"Vehicle",1
"23",2015-02-17 18:15:00,"  bikes  travelling  different speeds     overtaken  travelling kmh    right side   path    overtake  slower biker  hit  brakes  avoid  collision  flew   handlebars onto  pavement  injuryminor cracked radial head fracture",NA,NA,"Another cyclist",1
"24",2015-02-17 06:55:00,"riding straight  intersection east  west bound traffic   red light  suv came   rolling stop   continued  turn right   red light     hit  back wheel  fell   bike",NA,NA,"Vehicle",1
"25",2015-02-21 15:45:00," cycling south  cambie st just  smithe st  car suddenly veered right    left turn lane   line  cars  hit   left leg  significantly scraped    knee     big bruise   knee",NA,"M","Vehicle",2
"26",2014-10-15 17:10:00,"cyclist  crossing road  crosswalk allowed  per sign  side  road  car traveling uphill stopped  allow cyclist  cross cyclist started across   car  opposite lane downhill failed  stop  time  hit  cyclist  coming   full stop cyclist  knocked ",1970,"M","Vehicle",3
"27",2015-03-18 18:20:00,"riding withing  bike lane   quebec street driver   large f passed    made  right turn   mcdonalds parking without noticing    just passed   basically cut    swerved   front right bumper hit  back wheel  managed  stay   bike",1984,"M","Vehicle",1
"28",2015-04-27 08:30:00,"car turning left onto burrard bridge   see  even though  car beside   stopped     right  way   intersection",1987,"F","Vehicle",1
"29",2015-05-20 15:30:00,NA,NA,NA,"Vehicle",1
"30",2015-04-15 15:00:00,"man  just parked  vehicle  walked right   bike lane without looking",1970,"M","Pedestrian",1
"31",2010-11-30 18:30:00,NA,1973,"M","Vehicle",1
"32",2015-05-19 13:15:00,NA,1995,"F","Vehicle",1
"33",2015-06-09 18:30:00,"biked west  separated bike path car turning north onto chestnut  front   bike safely   bike shoulder checked car slammed   brakes  avoid  headon collision   car driving southbound wrong way   oneway street bike impact  rightrear  car",1987,"M","Vehicle",4
"34",2015-01-29 15:00:00,"car  stopped  red light  slowly cycled   sharrows   right side  car   turn right passenger suddenly flung open door  hit   fell onto  curb  broke  shoulder  arm",1950,"F","Vehicle",2
"35",2014-12-17 09:00:00,"heading  yukon right beside city hall   quite steep   car pulled    lane  th  th making  left turn across  lane parked cars  limiting visibility  braked  tried  avoid    continued  turn   hit  side   car",1982,"M","Vehicle",2
"36",2014-08-12 18:15:00,"oncoming car turn left across  path",1979,"M","Vehicle",1
"37",2015-03-10 16:00:00,"turning left across two sets  curving train tracks  continue westbound  kent pavement imperceptibly dipped   bottom   railroad tie instead  flush   immediately   spot    crossing front wheel smashed  tie went  handlebars  broke handlebar basket",NA,NA,"Train Tracks",1
"38",2015-06-11 18:45:00,"  riding   hill beside  row  parked cars  driver  getting    car    closed  door  stepped    street without looking  stepped right  ",1976,"F","Pedestrian",1
"39",2013-07-10 14:00:00,"   pedestrian crossing   person waiting   side   road  shaded  car  front   stopped suddenly   wasnt prepared  stop  quickly   rear ended    thrown  onto  car   teeth  smashed   fingers numb",1984,"M","Vehicle",2
"40",2015-05-28 08:00:00,"broad sided  pickup truck crossing  path driver  crossing street using laneway",1982,"M","Vehicle",1
"41",2014-06-29 20:30:00,"lost  control   bike  looking   phone",1980,"M","Other",1
"42",2015-06-22 15:00:00,"witnessed  aftermath   collision   cyclist   car ambulance  police  present cyclist looked shook    receiving attention   paramedics",NA,NA,"Other",1
"43",2015-06-22 08:55:00,"  stopped wtih another bike   bike lane talking   red light  another bike came   us  hit us seemed bizarre perhaps  thought   clearance  get    light changed     true",1975,"F","Another cyclist",1
"44",2015-06-26 07:50:00," hit  rear end   car   turning left     right  way  driver said  didnt see ",1988,"F","Vehicle",1
"45",2014-02-10 08:20:00,"car   stop sign    round  hitting    case  driver  paying attention despite yellow jacket lights    realized   going   roundabout  bell",1973,"F","Vehicle",1
"46",2010-05-15 00:05:00,NA,NA,NA,"Vehicle",1
"47",2015-06-18 07:40:00,"two cyclists riding  slowly  weaving  incline  pulled left  pass   soon       pass  two cyclists locked handlebars  one fell  front     fell  top     open beer can flew  ground   buddys beer can flew    direction",1958,"M","Another cyclist",1
"48",2014-09-06 14:10:00,"car stationary along curb suddenly turned wheels   left  pulled forward    uturn  hit  front left panel  front   front door",1982,"M","Vehicle",2
"49",2015-07-17 23:30:00,NA,NA,NA,"Vehicle",1
"50",2015-08-20 18:15:00,"nearly  doored  stretch  road   narrow  parked cara bikes   cars  safely share even cycling  metre   parking lane   still nearly dinged",1986,"M","Vehicle",1
"51",2015-08-25 06:20:00,"cyclist  heading e  shared bikeped lane approaching intersection  green lightdriver making left handturn  th ave heading n  facing elight sufficient  early morning  shadow   overpass may  hindered visibility  claimed  driver  apologised",1987,"M","Vehicle",1
"52",2015-07-04 11:15:00,"   left lane   way stanley park dr near  totem poles  gmc pickup   right lane saw  parking lot   left turned left  front     braked went  handlebars hit ground   left front tire broke  neck  eye socket  concussion er  hospital  days",1946,"M","Vehicle",2
"53",2015-06-17 09:30:00," entered  intersection   southbound red range rover came speeding   hill  ontario   entered  intersection  hit  brakes  hit  back   suv  going back   foliage  may  blocked  view  th  ontario   also going  fast",1973,"F","Vehicle",2
"54",2013-10-17 20:10:00,NA,1983,"F","Vehicle",1
"55",2015-06-23 08:30:00,NA,NA,NA,"Vehicle",1
"56",2015-10-05 15:40:00," family van took making  turn onto rd  collingwood drove  wrong way around  roundabout  make  left turn   biking   daughters   way home  school",NA,NA,"Vehicle",1
"57",2015-10-26 09:20:00,"  headed southbound  ontario   bicycle   vehicles stopped   stop signs   directions  th   went   intersection  driver   van heading westbound started moving   intersection  braked  still hit  side   van",1969,"M","Vehicle",2
"58",2015-06-13 16:50:00," bike hit  post  acts   barrier  prevent cars  turning west  clark onto adanac",1954,"M","Sign/Post",1
"59",2015-10-07 19:00:00,"theres  jog along  adanac bike route    recent improvement    bike pump   bench  took  curve  bit  quickly  tire slipped   track   fell",1989,"M","Other",1
"60",2015-11-05 08:00:00," child crossed  road   quickly doubled back  ran   path  swerved hit  slippery leaves  fell knocking   ",1983,"F","Roadway",1
"61",2015-11-06 17:40:00,"car drive opened  door apologized profusely  admitting   hadnt even thought  look  cyclists mild bruising  knee  hand",1988,"F","Vehicle",1
"62",2014-12-17 01:30:00,"stopped   stoplight  light turned green   rear ended   car  pedaling  intersection  late  night  poor visibility rain   wearing dark cloths    faint rear light",1985,"M","Vehicle",1
"63",2015-04-13 08:00:00," tboned   car  ran  stop sign  crossing  way stop intersection",1982,"M","Vehicle",1
"64",2013-10-17 08:30:00,NA,NA,NA,"Vehicle",1
"65",2015-11-27 19:00:00,"car right hooked  coming   traffic circle",1982,"M","Vehicle",1
"66",2013-11-07 08:30:00,"car operator traveling north failed  stop   stop sign  red light   opposite direction  make  left turn west across  path",NA,NA,"Vehicle",1
"67",2016-01-16 10:00:00,"driver ran  red light",NA,NA,"Vehicle",1
"68",2016-01-20 20:15:00,"vehicle turned right across painted bike lane without checking mirrors cut    braked  still ended  colliding   rear bumper",1974,"M","Vehicle",1
"69",2016-02-15 09:15:00,"parked cars   side   street     narrow section   speeding cargo entered   wider part  slowed  moved  far right    near  parked cars  driversside mirror hit  handlebar  scary  driver stopped    street   left",1982,"M","Vehicle",2
"70",2016-01-04 09:00:00,"conditions  otherwise okay  black ice  collected  bottom  th ave  stop sign unavoidable fall    deiced",1988,"F","Roadway",1
"71",2003-08-01 00:00:00,"driver nb made  right turn  front      also heading nb  cambie right hook   didnt  time  stop  luckily turned  bit   able  slow  somewhat   hit  side   drivers minivan   shoulder",1977,"M","Vehicle",2
"72",2015-06-24 08:39:00,"taxi drives vehicle purposefully  cyclist road rage",NA,"M","Vehicle",1
"73",2015-08-21 12:50:00,"witnessed  cyclist heading n hitting  pedestrian  ran across  bike lane   hotel door  get   cab pedestrian  texting    time    look  crossing   cyclist  surprised    slow   pedestrian  violently  thrown   ground",1983,"M","Pedestrian",1
"74",2016-03-09 18:05:00,"canucks night lots  pedestrians  heading east  dunsmuir   bidirection bike lanes westbound car turned north   intersection right  front      time  stop   plowed   side   car driver  likely concentrating   pedestrians   bike lane",1960,"Other","Vehicle",1
"75",2016-03-15 09:10:00,NA,NA,NA,"Vehicle",1
"76",2016-03-17 13:00:00,"car brushed  leftrear pannier   right front fender   pulled   turn right stopped  take  photo  saw   one car pull   bike lane  turning  right onto th    swerving around leftturning cars waiting   regular lane",1968,"M","Vehicle",1
"77",2016-03-04 18:30:00,"  march  approximately  pm  wiped  crashed   bike   spur line railway tracks  east kent  compton street  vancouver   major injury   broken left clavicle collar bone   serious enough  required surgery  install  clavicle plate  stabilize  su",1967,"M","Train Tracks",1
"78",2013-10-10 07:30:00," biking east along east kent south  compton  slipped   wet railway track spur line  fell  luckily  injury",1967,"M","Train Tracks",1
"79",2012-06-01 17:00:00,"car side swiped   driver went   parking spot",1970,"M","Vehicle",1
"80",2015-08-05 16:15:00,"truck ran red light    crossing  marked crosswalk",NA,"M","Vehicle",1
"81",2016-02-05 08:30:00,"pedestrian came  feom parkes cars  didnt look walked  handlebar pedestrian   falldid  get injured",NA,NA,"Pedestrian",1
"82",2010-05-05 08:25:00," driver went   roundabout without looking  ran   front wheel",NA,NA,"Vehicle",1
"83",2015-12-17 06:20:00,"heading west  georgia   cargo van turned right   red light  cut   tried  stop  wet roads meant brake distance  longer collided  side  van  bike  okay took  impact   side body  shoulder",1991,"F","Vehicle",2
"84",2016-05-16 14:30:00,"person  bike lane  swerved  avoid    turned   direction  bike",NA,"M","Pedestrian",1
"85",2016-01-04 07:00:00,"skid  ice",NA,NA,"Other",1
"86",2016-03-01 14:00:00,NA,NA,NA,"Vehicle",1
"87",2016-05-20 06:05:00,"car ran red light  made right turn around  corner  rear wheels tight   curb    tight   curb entering  cycling path     choose  colliding   curb   car   chose  collide   curb   thrown sideways    way   car",1956,"M","Curb",4
"88",2016-06-02 08:55:00," driver  pulling    alley    look  way",1990,"M","Vehicle",1
"89",2016-04-25 18:00:00,"driver westbound heading   sun turned left  driveway across  path  serious injuries bike destroyed",1975,"M","Vehicle",1
"90",2016-04-06 05:30:00,NA,NA,NA,"Train Tracks",1
"91",2016-06-01 05:25:00,"front wheel got caught   diagonal tracks   difficult  cross theses tracks   degrees  hard  see    level fell  bike  scrapes  bruises   minor damage  bike  going  slowly",NA,NA,"Roadway",1
"92",2016-06-06 17:00:00,"driver parked  opened door without thoroughly looking",NA,NA,"Vehicle",1
"93",2016-06-15 09:10:00," suv attempted  make  unsafe pass  swerved     car turn   lane  driver didnt      anticipated   driver swerved  took action  avoid  side collision  skidded    wet pavement just  classic run   mill oblivious driver",1986,"M","Vehicle",1
"94",2016-06-19 11:40:00,"  slippery  leaves   pathway   making  hairpin turn  hill  tire spun    fell",1976,"F","Curb",1
"95",2016-06-19 11:40:00,"  slippery  leaves   pathway   making  hairpin turn  hill  tire spun    fell",1976,"F","Curb",1
"96",2015-06-10 17:30:00," friend david fell  spur railway tracks  front  pj hardwood",1970,"M","Train Tracks",1
"97",2015-05-21 07:35:00,"car travelling eastbound   see  cycling westbound  turned left   path",NA,NA,"Vehicle",1
"98",2016-06-26 10:00:00,"family walking  bike lane section  shared path  pedestrian sideentire path despite repeated use  bell   move  pedestrian side forcing   enter pedestrian side  collide  biker heading uphill   sheilded   view   combination  family blocking sight",NA,"M","Pedestrian",1
"99",2015-12-16 08:10:00,"car passenger jumped   car ran towards  sidewalk   bike lanes without looking  either direction st cyclist veered  front  avoid   rest   cyclists went behind  spooked  st bike  ran backwards   caught  handlebars  went flying  pavement",NA,NA,"Pedestrian",4
"100",2015-08-15 10:00:00," small boy approx seven years old cycling   father fell   railway tracks    shaken  mostly unhurt",2003,"M","Train Tracks",1
"101",2016-07-08 10:00:00,"aggressive driver  making swerves    behind beside   ends   front    stopped red light  light turns green car proceeds  go  slam   brakes   middle  intersection  try  hit    avoided   fell   bike  scraped knee  leg",1976,"M","Vehicle",1
"102",2014-07-05 06:45:00,"vancouver taxi orange cabs ran  red light  adanac  commercial  hit  side   minivan rushed  saint pauls w multiple broken ribs  clavicle   released broken pelvis  fractured hip   discovered  another  weeks will never  ride ",1953,"M","Vehicle",1
"103",2016-07-14 08:20:00,"stationary waiting  bike box  light pick  truck tries  squeeze past    cyclist clips  rear wheel",NA,NA,"Vehicle",1
"104",2016-06-13 18:00:00,NA,NA,NA,"Vehicle",1
"105",2016-07-31 06:45:00,"  biking west  dunsmuir   green light   wanted  connect   hornby  entered  turn box  changed  direction   bike  face south  cyclist behind   going west  crashed   bike",1985,"F","Another cyclist",1
"106",2016-08-05 11:15:00,"suv travelling south  pine didnt stop  even slow   stop sign   collided   intersection  didnt see     already   intersection  tried  stopswerve  got clipped  bounced   side   vehicle dislocated shoulder various  minor injuries",1983,"M","Vehicle",2
"107",2016-04-04 13:25:00,"car hit    roundabout    first car didnt slow     hit ",1991,"M","Vehicle",1
"108",2015-08-07 05:45:00,"car hit  side    exiting  round   gone straight    entered   cars near  roundabout    speeding  entering   roundabout knocked    bike   saw ",1994,"F","Vehicle",1
"109",2016-08-24 15:15:00,"deliberate hit  run  car driver  right  way  mazda cla approached  right  slowed  stop line      front   car  accelerated suddenly     tried  get    way   hit  rear wheel  car slowed enough    read plate  speeding ",1952,"M","Other",2
"110",2016-08-10 09:00:00,"vehicle  exiting  parking lot went  turn  right  realized    one way street    time  rode   bike lane  anticipating   driver  going   next  started backing  without looking   mirrors    rear view camera  backed     banged   hood   stopped right  backing    bike",1983,"F","Vehicle",1
"111",2016-08-10 09:00:00,"vehicle  exiting  parking lot went  turn  right  realized    one way street    time  rode   bike lane  anticipating   driver  going   next  started backing  without looking   mirrors    rear view camera  backed     banged   hood   stopped right  backing    bike",1983,"F","Vehicle",1
"112",2016-08-10 09:00:00,"vehicle  exiting  parking lot went  turn  right  realized    one way street    time  rode   bike lane  anticipating   driver  going   next  started backing  without looking   mirrors    rear view camera  backed     banged   hood   stopped right  backing    bike",1983,"F","Vehicle",1
"113",2016-08-10 09:00:00,"vehicle  exiting  parking lot went  turn  right  realized    one way street    time  rode   bike lane  anticipating   driver  going   next  started backing  without looking   mirrors    rear view camera  backed     banged   hood   stopped right  backing    bike",1983,"F","Vehicle",1
"114",2015-10-22 11:00:00," tonne staples delivery truck turned right   driveway   warning",NA,NA,"Vehicle",1
"115",2016-08-16 12:30:00,"learners driver   driving alone turned left   alley without looking   even realize  hit   first",NA,NA,"Vehicle",1
"116",2016-09-13 21:05:00,"three males collided just past  intersection",NA,NA,"Another cyclist",1
"117",2016-09-27 08:40:00,"trying  pass  slower cyclist   left  entering  separated bike lane   cyclist veered   left   tried  avoid  collision  moving   left   wasnt enough distance  stop  make    street  hit  start   cement lane separator",1981,"F","Lane divider",2
"118",2016-09-28 09:10:00,"   black squirrel chasing  grey squirrel  grey squirrel darted near  front    turned hard  felt  unfortunate soft bump  heard  sickening squeak   front tire ran   black squirrel  climbed  tree  appeared unhurt  alarmed sorry squirrel buddy",1982,"M","Animal",2
"119",2016-09-28 16:00:00,"going   east  dunsmuir bike lane   fairly fast speed  tried   make  green light  main st intersection  cyclist ahead   suddenly turn left    entering  intersection  cut    braked  avoid   slightly crashed  fell    ambulance  called",1962,"F","Another cyclist",1
"120",2016-10-01 03:55:00,"crossing knight st   green   pedestrian lights riding  bike slowly making sure every car stop   pick  truck turning southbound  th street hit  rear bag broke   felt   middle   street   bag rack got twisted   driver didnt stop",1979,"F","Vehicle",2
"121",2016-09-23 14:45:00,"car driver claimed    seen   cyclist riding   bike lane  car decided  abruptly turn right",1989,"M","Vehicle",1
"122",2016-10-04 07:50:00,"    right lane   roundabout approach   car overtook   last minute  swerved     tried  guard  lane anyway    hit  brakes  evade   rear wheel slid   wet roadway   fell onto  road  suffered minor scratches",1982,"M","Roadway",1
"123",2016-10-05 09:30:00," witnessed  incident cyclist hit  back right corner   small suv rav   car driver said    familiar  vancouver  looking  parking  cyclist said  saw  cars ahead moving  misjudged  speed   shaken  minimal damage  injury occured",1982,"M","Vehicle",1
"124",2016-09-17 12:20:00,"  wet   front wheel slid   rail tracks  nothing   really prevented       careful  sharpening  angle  crossing tracks",NA,NA,"Train Tracks",1
"125",2014-10-31 17:00:00,"  heading east  th car  crossing th  n  s    yield   passed   intersection  thought    beat      technically    tboned   took  rear window   suv direct   face   work   months",1983,"M","Vehicle",1
"126",2016-10-19 18:15:00," turning left  failed  put  arm    didnt see   cyclist   cyclist  going quite fast  rode   left    turning",NA,"M","Another cyclist",2
"127",2016-10-25 16:05:00,NA,NA,NA,"Vehicle",1
"128",2016-07-09 16:30:00,"   separated bike path  normal speed  driver canada borderservices agent turned suddenly right  th ave onto glen dr  front      brake hard  avoid hitting  vehicle  went  handlebars  broke finger  elbow",1970,"M","Vehicle",1
"129",2016-10-21 19:00:00," riding  bike lane  parallel car rode   line  stopped  green light  right turn signal illuminated   appeared  car stopped  cyclists  proceed  proceeded  intersection  car moved  right  blocked  path    ended    ground falling   left",NA,NA,"Vehicle",1
"130",2016-11-01 17:45:00,"  shoulder checking  merge   bike lane ends   hit  edge   large steel plate covering utility work  luckily  fell   recumbent bicycle low onto  slippery steel   suffered minor bruising   road rash",NA,NA,"Other",1
"131",2016-08-06 09:00:00,"  riding  bike southbound along cornish street   approached  intersection  rode   left   traffic diversion infrastructure hitting  curb like feature  juts    degrees   flow  bike traffic",1963,"M","Lane divider",1
"132",2016-11-08 14:40:00," couple  bikers one young male  one young female riding  stanley park seawall bike path   occupy  whole width  one riding   left      right   rider approached  still remained one   left      right  rider fell ",NA,NA,"Another cyclist",1
"133",2016-11-14 06:00:00,"obstructions  bike lane  east end  st ave prevented   accessing     forced  use  road  theres   excessive road works  front tire slipped   metal plates laid   ditches dug     signs tapes  cones  indicate  avoid  hazards",1981,"M","Curb",1
"134",2016-11-10 16:15:00,"  heading se  helmcken     large charter bus parked just   alleyway  howe  granville  car  attempting  turn left  go nw  helmcken   alleyway    see   pulled  directly  front     swerved  hit  driver side hood",1982,"F","Vehicle",2
"135",2016-11-30 07:40:00,"car didnt stop  stop sign    riding downhill    stop sign  light car  traveling west hit passenger side  car bounced onto hood    front   car  broken bones  fractures just bruising",1991,"M","Vehicle",4
"136",2016-11-29 09:05:00," came   complete stop   stop sign     push  crossing button      space      car   curbwithin seconds   stopping  saw  front wheels   car turn sharply   right   car pulled   side",1963,"M","Vehicle",2
"137",2017-01-04 21:40:00," fell   bike  broke  shoulder   ice  salsbury  triumph tonight   pm    safe alternative   incomplete powell bike route taking side streets got   hospital",1968,"M","Roadway",1
"138",2017-01-06 10:30:00,"crossing  crosswalk  main   bike got tboned   man   honda civic running  red light going southbound",1986,"M","Vehicle",1
"139",2017-01-20 07:00:00," witnessed cyclist crash  hitting  large pile  loose grit  sand   road     ontario   north side   th ave miniroundaboutcyclist suffered serious injuries   result",1975,"M","Other",1
"140",2017-01-14 17:40:00,"  doored  someone getting    parked car   cycling  commercial drive   wanted    shopping   visiting various shops along  street",1988,"F","Vehicle",1
"141",2016-05-15 11:30:00," heading west   adanac bike route  turning left onto  jog  vernon slowly pulling   intersection  stopping   stop sign sight lines    goodcollided   northbound speeding car   using vernon   shortcut   neighborhood realized   driver left   wheel  damaged",1975,"M","Vehicle",1
"142",2017-01-03 16:30:00,"struck  pedestrian running   parked cars  north side  streetroad burn  layers  winter clothingchain jumped  sprockets",1953,"M","Pedestrian",1
"143",2017-01-11 17:00:00,"driver opened  door right  front  crashedbike needed minor work  bike shoproad burn  winter clothingth ave two block w  cambie  hit  pedestrian one block e   just one week ago  just  waiting   incident  th  cambie  oak",1953,"M","Vehicle",1
"144",2016-11-08 07:10:00,"cut    right turning vehiclehit  run resulted   fractured left arm",NA,NA,"Vehicle",1
"145",2017-02-21 19:25:00,"struck   oncoming toyota corolla   attempted  turn left   alley  heather  th ave  broadway  explanation  driver   see ",1969,"F","Vehicle",1
"146",2012-04-11 16:45:00,"driver passed   close  hit  handlebars   sideview mirror luckily   good balance  didnt fall",1975,"F","Vehicle",1
"147",2017-03-27 18:20:00," car pulled   park   road crossing  bike lane  towards  curb   turned  quickly   struck  back   car",NA,NA,"Vehicle",1
"148",2017-03-31 10:00:00," company reportemployee turned  dunsmuir street  alleyway  richards street  turning   alleyway  employee checked  mirrors shoulder checked  began  make turn  cyclist ran  side  vehicle police  ambulance attended cyclist  able  walk",NA,NA,"Vehicle",2
"149",2017-04-02 16:00:00,"  proceeding  nanaimo   green light traffic  nanaimo heading south  backed  causing  cars  block  intersection  east bound bikes  pedestrians  cars blocked  view   northbound lane  car went   red light",1964,"M","Vehicle",1
"150",2016-11-30 07:20:00,"  heading west  th ave    approached main st  saw   white walking pedestrian sign    proceeded straight    went   intersection  sensedheard  car coming   left   car  just ran  red light  hit    flew    bike",1975,"M","Vehicle",1
"151",2017-03-31 15:15:00,"another cyclist travelling northbound  watson street crossed  front      travelling east  th ave  couldnt stop  time  hit  back wheel    car stopped   intersection   partly blocking  view",1975,"F","Another cyclist",1
"152",2017-01-23 07:20:00," driver positioned  cars bumper close   rear wheel holding steady speed   moment     moments  heard  driver accelerate  vehicle   back wheel   bike  driver stopped briefly  sped away    black suv",1982,"M","Vehicle",1
"153",2017-04-24 08:10:00,"driver failed  yield  roundabout wet conditions prevented stopping impacted rear right quarter panel  vehicle",1995,NA,"Vehicle",1
"154",2017-05-03 07:30:00,"right hooked   taxi turning radio got across  bike lane   taxi     turn signal ",1969,"M","Vehicle",1
"155",2017-05-09 15:15:00," started turning left onto  ontario bike lane looked   saw  cyclist coming fast   west  straightened   let  pass   thought   going  turn   rode    landed   head  sprained  ankle   signswarningspaint   intersection",1980,"F","Another cyclist",2
"156",2017-05-25 21:20:00,"  turning east   first  crossed  crosswalk car  turning  head west  didnt see    cross  hit    side     fall",1991,"M","Vehicle",1
"157",2016-10-25 08:10:00,"  heading nw  valley drive   black mercedes benz suv turned  left   first left driveway right  front     applied  breaks  bike skidded       landed   left shoulder im still hurt  helmet saved  head  driver quickly left  scene",1968,"M","Vehicle",2
"158",2017-05-30 06:30:00,"traveling north  bike path driver ran  red light  struck cyclist driver ticketed  running red light witnesses confirmed three  cyclists  passed green light intersection  driver drove  red light  struck  th cyclist",1966,"F","Vehicle",5
"159",2016-06-08 17:05:00,"intersection  angled   degree drivers routinely   stop  right turn stop sign visibility  drivers  difficult turning right due  angle  kingsway  intersection allows   avoid  sharper right turn  angling  access  fraser  kingsway  damage",NA,NA,"Vehicle",2
"160",2017-06-08 09:00:00,NA,NA,NA,"Pothole",1
"161",2015-10-07 16:30:00,"cargo smart car parked   lights  unable  see driver bc  headrest  riding past door opened quickly without checking unable  avoid collision  went  handlebars  broken elbow  scaphoid  missed  weeks  work  didnt ride   months",1980,"M","Vehicle",1
"162",2016-11-24 08:15:00,"silver bmw stopped   stop sign  continued driving        stop sign  th ave  flew   bike    shocked  stay  take  details continued  work  later noticed bike damage   whiplash   week",1976,"F","Vehicle",1
"163",2017-07-25 16:15:00,"  riding east   dunsmuir bike lane   cross  homer intersection   noticed  car driving west  dunsmuir start  turn right n  homer   bike lane  front    hit  brakes skidded  landed   hood   car   green light",1979,"F","Vehicle",1
"164",2017-07-31 14:45:00,"driver tried  squeeze around  group    adults   children  bikesas   waiting behind another vehicle   light  st driver came  close   car touched  leg  one   riders",1975,"F","Vehicle",1
"165",2017-07-10 07:00:00,"wheel go stuck going   old tram rails  granville island  bike locked   ended  going   handlebars although  wasnt biking  fast got badly beat    told  people  stopped  help     common  people  crash   way",1988,"F","Train Tracks",1
"166",2017-08-03 22:20:00,"   serious bike  bike collision   bike path  sunset beach   warm day  many experienced cyclists   group  one   group encountered another cyclist    group  crashed     cyclist suffered  broken ankle    cyclist  back injuries   firetruck attended first   two ambulances took away  two cyclists involved   collision",NA,NA,"Another cyclist",1
"167",2017-08-09 13:00:00,"city  vancouver created  dangerous intersection  placing concrete structures  allow cyclists  cross  intersection  cycling  southward direction cyclists crossing   avenue  northward direction   way  complete  crossing    concrete structure",1960,"F","Other",1
"168",2017-05-17 17:30:00,NA,NA,NA,"Train Tracks",1
"169",2017-03-15 18:00:00,NA,NA,NA,"Train Tracks",1
"170",2017-09-14 15:00:00," car turned right without looking  used  indicator hit  run   yelled     stop",1952,"M","Vehicle",1
"171",2017-09-15 17:50:00," witnessed   saw  ebike rider brushing    crash  rider said someone driving  cargo ran  stop sign   bailed    right hitting  curb  skinning  elbow  driver didnt stop  help ",1982,"M","Vehicle",1
"172",2017-09-22 15:30:00,"vehicle turned right across  path   hit  side rear   vehicle",1987,"M","Vehicle",1
"173",2016-12-01 07:20:00,"  car stopped   middle   road  hazard light   slowed   stopped behind    looked like    going  move  decided  pass    left since    cars coming   way    passing   quickly made  uturn  hit    side",1994,"F","Vehicle",2
"174",2017-08-16 15:55:00,"pedestrians cross every  way   hospital  always   watch     can avoid hitting     use  crosswalks will cross anywhere",1994,"F","Pedestrian",1
"175",2017-10-06 11:45:00," pickup truck traveling sw  burrard like  turned right  front   onto  alleyway  pacific  harwood  yelled  braked  couldnt stop  time  hit  rear side   vehicle  driver didnt stop  hurt  knee went   hospital   now using crutches",1992,"F","Vehicle",2
"176",2016-10-04 16:00:00,"cycling nw following vehicle heading    direction   vehicle signal  turned right across  marked cycling path  stopped     passing  vehicle    left side  driver changed  mind  turned left back towards  street    struck  side   vehicle",NA,"M","Vehicle",2
"177",2017-11-16 16:30:00,"pedestrian standing   bus stop  burrard st   bike lane suddenly stepped   bike lane without looking     m away    swerve  avoid  skidding  falling   bike   process    tight area  little space   bus stop  bike lane",1984,"M","Pedestrian",1
"178",2017-12-09 09:35:00,"  already entered  roundabout     exit straight     oncoming vehicle   right neither stopped  slowed   struck ",1964,"M","Vehicle",1
"179",2017-07-04 07:35:00,NA,NA,NA,"Vehicle",1
"180",2017-11-03 19:05:00,"  travelling   designated bike lane traffic  stopped  car signaled   turned suddenly   alleyway blocking  path  travel  struck  somersaulted   vehicle landing   pathway    side taken  hospital  ambulance",1962,"M","Vehicle",1
"181",2017-11-30 06:50:00,"driver turned right   red light  granville st onto drake st    crossing  front   vehicle   intersection     green light continuing  drake",1991,"F","Vehicle",1
"182",2018-01-24 17:50:00," front wheel   bike hit  edge   paved road    leaving  parking lane   unpaved  fell heres  link   video   incidenthttpsyoutubewaivezepig",1989,"M","Roadway",1
"183",2018-01-31 17:15:00," van  attempting  cross southwest marine drive  south  north saw  gap  traffic  accelerated   apparently oblivious   approach   bike lane    resulted   colliding   side   van   attempted  brake  turn towards  direction  travel",1991,"M","Vehicle",2
"184",2018-02-03 08:10:00,NA,1963,"M","Train Tracks",1
"185",2018-02-07 17:10:00,NA,NA,"F","Vehicle",1
"186",2018-02-27 16:30:00,"car turns right accross lane without looking",NA,NA,"Vehicle",1
